DP;DPNOM;DPMP;MPIO;2017;cdigo.dane
5;Antioquia;5001;Medellín;2508452;5001000
5;Antioquia;5002;Abejorral;19096;5002000
5;Antioquia;5004;Abriaquí;2019;5004000
5;Antioquia;5021;Alejandría;3393;5021000
5;Antioquia;5030;Amagá;2998;5030000
5;Antioquia;5031;Amalfi;22414;5031000
5;Antioquia;5034;Andes;46621;5034000
5;Antioquia;5036;Angelópolis;9216;5036000
5;Antioquia;5038;Angostura;11139;5038000
5;Antioquia;5040;Anorí;17521;5040000
5;Antioquia;5042;Santafé de Antioquia;24905;5042000
5;Antioquia;5044;Anza;7591;5044000
5;Antioquia;5045;Apartadó;189325;5045000
5;Antioquia;5051;Arboletes;42301;5051000
5;Antioquia;5055;Argelia;8426;5055000
5;Antioquia;5059;Armenia;4029;5059000
5;Antioquia;5079;Barbosa;51617;5079000
5;Antioquia;5086;Belmira;6875;5086000
5;Antioquia;5088;Bello;473423;5088000
5;Antioquia;5091;Betania;9079;5091000
5;Antioquia;5093;Betulia;17663;5093000
5;Antioquia;5101;Ciudad Bolívar;26828;5101000
5;Antioquia;5107;Briceño;8682;5107000
5;Antioquia;5113;Buriticá;6531;5113000
5;Antioquia;5120;Cáceres;39918;5120000
5;Antioquia;5125;Caicedo;833;5125000
5;Antioquia;5129;Caldas;79652;5129000
5;Antioquia;5134;Campamento;897;5134000
5;Antioquia;5138;Cañasgordas;16745;5138000
5;Antioquia;5142;Caracolí;4543;5142000
5;Antioquia;5145;Caramanta;5321;5145000
5;Antioquia;5147;Carepa;58667;5147000
5;Antioquia;5148;El Carmen de Viboral;47915;5148000
5;Antioquia;5150;Carolina;3552;5150000
5;Antioquia;5154;Caucasia;11767;5154000
5;Antioquia;5172;Chigorodó;80132;5172000
5;Antioquia;5190;Cisneros;8932;5190000
5;Antioquia;5197;Cocorná;14945;5197000
5;Antioquia;5206;Concepción;3284;5206000
5;Antioquia;5209;Concordia;20476;5209000
5;Antioquia;5212;Copacabana;71885;5212000
5;Antioquia;5234;Dabeiba;23176;5234000
5;Antioquia;5237;Don Matías;23209;5237000
5;Antioquia;5240;Ebéjico;12507;5240000
5;Antioquia;5250;El Bagre;50242;5250000
5;Antioquia;5264;Entrerrios;10248;5264000
5;Antioquia;5266;Envigado;232903;5266000
5;Antioquia;5282;Fredonia;21283;5282000
5;Antioquia;5284;Frontino;16008;5284000
5;Antioquia;5306;Giraldo;3992;5306000
5;Antioquia;5308;Girardota;56755;5308000
5;Antioquia;5310;Gómez Plata;13115;5310000
5;Antioquia;5313;Granada;9873;5313000
5;Antioquia;5315;Guadalupe;6313;5315000
5;Antioquia;5318;Guarne;49533;5318000
5;Antioquia;5321;Guatapé;5167;5321000
5;Antioquia;5347;Heliconia;5757;5347000
5;Antioquia;5353;Hispania;4879;5353000
5;Antioquia;5360;Itagui;273927;5360000
5;Antioquia;5361;Ituango;20273;5361000
5;Antioquia;5364;Jardín;13596;5364000
5;Antioquia;5368;Jericó;11939;5368000
5;Antioquia;5376;La Ceja;53993;5376000
5;Antioquia;5380;La Estrella;64315;5380000
5;Antioquia;5390;La Pintada;6452;5390000
5;Antioquia;5400;La Unión;19324;5400000
5;Antioquia;5411;Liborina;9558;5411000
5;Antioquia;5425;Maceo;6696;5425000
5;Antioquia;5440;Marinilla;55;5440000
5;Antioquia;5467;Montebello;595;5467000
5;Antioquia;5475;Murindó;4795;5475000
5;Antioquia;5480;Mutatá;21545;5480000
5;Antioquia;5483;Nariño;17686;5483000
5;Antioquia;5490;Necoclí;65663;5490000
5;Antioquia;5495;Nechí;27915;5495000
5;Antioquia;5501;Olaya;331;5501000
5;Antioquia;5541;Peñol;15802;5541000
5;Antioquia;5543;Peque;11199;5543000
5;Antioquia;5576;Pueblorrico;6793;5576000
5;Antioquia;5579;Puerto Berrío;48553;5579000
5;Antioquia;5585;Puerto Nare;19025;5585000
5;Antioquia;5591;Puerto Triunfo;20893;5591000
5;Antioquia;5604;Remedios;30613;5604000
5;Antioquia;5607;Retiro;19507;5607000
5;Antioquia;5615;Rionegro;124219;5615000
5;Antioquia;5628;Sabanalarga;8191;5628000
5;Antioquia;5631;Sabaneta;53236;5631000
5;Antioquia;5642;Salgar;17469;5642000
5;Antioquia;5647;San Andrés de Cuerquía;6024;5647000
5;Antioquia;5649;San Carlos;16111;5649000
5;Antioquia;5652;San Francisco;5119;5652000
5;Antioquia;5656;San Jerónimo;12811;5656000
5;Antioquia;5658;San José de La Montaña;3401;5658000
5;Antioquia;5659;San Juan de Urabá;26146;5659000
5;Antioquia;5660;San Luis;10929;5660000
5;Antioquia;5664;San Pedro;27513;5664000
5;Antioquia;5665;San Pedro de Uraba;31802;5665000
5;Antioquia;5667;San Rafael;12874;5667000
5;Antioquia;5670;San Roque;1652;5670000
5;Antioquia;5674;San Vicente;16733;5674000
5;Antioquia;5679;Santa Bárbara;21754;5679000
5;Antioquia;5686;Santa Rosa de Osos;36548;5686000
5;Antioquia;5690;Santo Domingo;10173;5690000
5;Antioquia;5697;El Santuario;27233;5697000
5;Antioquia;5736;Segovia;41205;5736000
5;Antioquia;5756;Sonson;34696;5756000
5;Antioquia;5761;Sopetrán;14936;5761000
5;Antioquia;5789;Támesis;14391;5789000
5;Antioquia;5790;Tarazá;45083;5790000
5;Antioquia;5792;Tarso;7955;5792000
5;Antioquia;5809;Titiribí;14602;5809000
5;Antioquia;5819;Toledo;6552;5819000
5;Antioquia;5837;Turbo;167886;5837000
5;Antioquia;5842;Uramita;8221;5842000
5;Antioquia;5847;Urrao;45896;5847000
5;Antioquia;5854;Valdivia;23333;5854000
5;Antioquia;5856;Valparaíso;6131;5856000
5;Antioquia;5858;Vegachí;9108;5858000
5;Antioquia;5861;Venecia;13208;5861000
5;Antioquia;5873;Vigía del Fuerte;5606;5873000
5;Antioquia;5885;Yalí;8486;5885000
5;Antioquia;5887;Yarumal;47995;5887000
5;Antioquia;5890;Yolombó;24809;5890000
5;Antioquia;5893;Yondó;19365;5893000
5;Antioquia;5895;Zaragoza;31503;5895000
8;Atlántico;8001;Barranquilla;1228271;8001000
8;Atlántico;8078;Baranoa;58989;8078000
8;Atlántico;8137;Campo de La Cruz;15482;8137000
8;Atlántico;8141;Candelaria;12528;8141000
8;Atlántico;8296;Galapa;45093;8296000
8;Atlántico;8372;Juan de Acosta;1726;8372000
8;Atlántico;8421;Luruaco;27576;8421000
8;Atlántico;8433;Malambo;125248;8433000
8;Atlántico;8436;Manatí;16106;8436000
8;Atlántico;8520;Palmar de Varela;2563;8520000
8;Atlántico;8549;Piojó;516;8549000
8;Atlántico;8558;Polonuevo;15539;8558000
8;Atlántico;8560;Ponedera;22911;8560000
8;Atlántico;8573;Puerto Colombia;26869;8573000
8;Atlántico;8606;Repelón;26778;8606000
8;Atlántico;8634;Sabanagrande;33007;8634000
8;Atlántico;8638;Sabanalarga;100304;8638000
8;Atlántico;8675;Santa Lucía;11395;8675000
8;Atlántico;8685;Santo Tomás;25567;8685000
8;Atlántico;8758;Soledad;649111;8758000
8;Atlántico;8770;Suan;8565;8770000
8;Atlántico;8832;Tubará;11022;8832000
8;Atlántico;8849;Usiacurí;9486;8849000
11;Bogotá D.C.;11001;Bogota D.C.;8080734;11001000
13;Bolívar;13001;Cartagena;1024882;13001000
13;Bolívar;13006;Achí;23851;13006000
13;Bolívar;13030;Altos del Rosario;14215;13030000
13;Bolívar;13042;Arenal;19743;13042000
13;Bolívar;13052;Arjona;75271;13052000
13;Bolívar;13062;Arroyohondo;10174;13062000
13;Bolívar;13074;Barranco de Loba;18426;13074000
13;Bolívar;13140;Calamar;23928;13140000
13;Bolívar;13160;Cantagallo;9556;13160000
13;Bolívar;13188;Cicuco;11137;13188000
13;Bolívar;13212;Córdoba;12342;13212000
13;Bolívar;13222;Clemencia;1275;13222000
13;Bolívar;13244;El Carmen de Bolívar;76949;13244000
13;Bolívar;13248;El Guamo;7771;13248000
13;Bolívar;13268;El Peñón;99;13268000
13;Bolívar;13300;Hatillo de Loba;12121;13300000
13;Bolívar;13430;Magangué;123906;13430000
13;Bolívar;13433;Mahates;26461;13433000
13;Bolívar;13440;Margarita;10059;13440000
13;Bolívar;13442;María La Baja;48787;13442000
13;Bolívar;13458;Montecristo;22254;13458000
13;Bolívar;13468;Mompós;44784;13468000
13;Bolívar;13473;Morales;21828;13473000
13;Bolívar;13490;Norosí (1);5148;13490000
13;Bolívar;13549;Pinillos;25448;13549000
13;Bolívar;13580;Regidor;10887;13580000
13;Bolívar;13600;Río Viejo (1)(3);1867;13600000
13;Bolívar;13620;San Cristóbal;6711;13620000
13;Bolívar;13647;San Estanislao;16473;13647000
13;Bolívar;13650;San Fernando;13944;13650000
13;Bolívar;13654;San Jacinto;21602;13654000
13;Bolívar;13655;San Jacinto del Cauca;14036;13655000
13;Bolívar;13657;San Juan Nepomuceno;33753;13657000
13;Bolívar;13667;San Martín de Loba;18079;13667000
13;Bolívar;13670;San Pablo;34795;13670000
13;Bolívar;13673;Santa Catalina;13431;13673000
13;Bolívar;13683;Santa Rosa;23624;13683000
13;Bolívar;13688;Santa Rosa del Sur;43955;13688000
13;Bolívar;13744;Simití;20902;13744000
13;Bolívar;13760;Soplaviento;848;13760000
13;Bolívar;13780;Talaigua Nuevo;11414;13780000
13;Bolívar;13810;Tiquisio;22928;13810000
13;Bolívar;13836;Turbaco;74209;13836000
13;Bolívar;13838;Turbaná;15193;13838000
13;Bolívar;13873;Villanueva;20152;13873000
13;Bolívar;13894;Zambrano;11767;13894000
15;Boyacá;15001;Tunja;195538;15001000
15;Boyacá;15022;Almeida;1649;15022000
15;Boyacá;15047;Aquitania;14872;15047000
15;Boyacá;15051;Arcabuco;5245;15051000
15;Boyacá;15087;Belén;7116;15087000
15;Boyacá;15090;Berbeo;1936;15090000
15;Boyacá;15092;Betéitiva;1979;15092000
15;Boyacá;15097;Boavita;676;15097000
15;Boyacá;15104;Boyacá;435;15104000
15;Boyacá;15106;Briceño;2552;15106000
15;Boyacá;15109;Buenavista;5764;15109000
15;Boyacá;15114;Busbanzá;1222;15114000
15;Boyacá;15131;Caldas;355;15131000
15;Boyacá;15135;Campohermoso;3785;15135000
15;Boyacá;15162;Cerinza;3651;15162000
15;Boyacá;15172;Chinavita;3469;15172000
15;Boyacá;15176;Chiquinquirá;67148;15176000
15;Boyacá;15180;Chiscas;4094;15180000
15;Boyacá;15183;Chita;9293;15183000
15;Boyacá;15185;Chitaraque;5496;15185000
15;Boyacá;15187;Chivatá;6455;15187000
15;Boyacá;15189;Ciénega;463;15189000
15;Boyacá;15204;Cómbita;14983;15204000
15;Boyacá;15212;Coper;3568;15212000
15;Boyacá;15215;Corrales;2223;15215000
15;Boyacá;15218;Covarachía;278;15218000
15;Boyacá;15223;Cubará;6735;15223000
15;Boyacá;15224;Cucaita;4689;15224000
15;Boyacá;15226;Cuítiva;1877;15226000
15;Boyacá;15232;Chíquiza;5368;15232000
15;Boyacá;15236;Chivor;1714;15236000
15;Boyacá;15238;Duitama;113516;15238000
15;Boyacá;15244;El Cocuy;5157;15244000
15;Boyacá;15248;El Espino;4214;15248000
15;Boyacá;15272;Firavitoba;5822;15272000
15;Boyacá;15276;Floresta;4431;15276000
15;Boyacá;15293;Gachantivá;2569;15293000
15;Boyacá;15296;Gameza;4697;15296000
15;Boyacá;15299;Garagoa;17008;15299000
15;Boyacá;15317;Guacamayas;1617;15317000
15;Boyacá;15322;Guateque;9483;15322000
15;Boyacá;15325;Guayatá;4898;15325000
15;Boyacá;15332;Güicán;6701;15332000
15;Boyacá;15362;Iza;2389;15362000
15;Boyacá;15367;Jenesano;7673;15367000
15;Boyacá;15368;Jericó;389;15368000
15;Boyacá;15377;Labranzagrande;5035;15377000
15;Boyacá;15380;La Capilla;245;15380000
15;Boyacá;15401;La Victoria;1673;15401000
15;Boyacá;15403;La Uvita;2343;15403000
15;Boyacá;15407;Villa de Leyva;17506;15407000
15;Boyacá;15425;Macanal;4833;15425000
15;Boyacá;15442;Maripí;7372;15442000
15;Boyacá;15455;Miraflores;9787;15455000
15;Boyacá;15464;Mongua;4606;15464000
15;Boyacá;15466;Monguí;4984;15466000
15;Boyacá;15469;Moniquirá;21284;15469000
15;Boyacá;15476;Motavita;8332;15476000
15;Boyacá;15480;Muzo;8789;15480000
15;Boyacá;15491;Nobsa;16441;15491000
15;Boyacá;15494;Nuevo Colón;6637;15494000
15;Boyacá;15500;Oicatá;2834;15500000
15;Boyacá;15507;Otanche;10681;15507000
15;Boyacá;15511;Pachavita;2393;15511000
15;Boyacá;15514;Páez;2834;15514000
15;Boyacá;15516;Paipa;31297;15516000
15;Boyacá;15518;Pajarito;16;15518000
15;Boyacá;15522;Panqueba;1425;15522000
15;Boyacá;15531;Pauna;10811;15531000
15;Boyacá;15533;Paya;2524;15533000
15;Boyacá;15537;Paz de Río;4561;15537000
15;Boyacá;15542;Pesca;7712;15542000
15;Boyacá;15550;Pisba;1303;15550000
15;Boyacá;15572;Puerto Boyacá;56096;15572000
15;Boyacá;15580;Quípama;767;15580000
15;Boyacá;15599;Ramiriquí;9847;15599000
15;Boyacá;15600;Ráquira;138;15600000
15;Boyacá;15621;Rondón;2787;15621000
15;Boyacá;15632;Saboyá;12237;15632000
15;Boyacá;15638;Sáchica;3769;15638000
15;Boyacá;15646;Samacá;2033;15646000
15;Boyacá;15660;San Eduardo;1861;15660000
15;Boyacá;15664;San José de Pare;5092;15664000
15;Boyacá;15667;San Luis de Gaceno;4891;15667000
15;Boyacá;15673;San Mateo;3489;15673000
15;Boyacá;15676;San Miguel de Sema;454;15676000
15;Boyacá;15681;San Pablo de Borbur;1043;15681000
15;Boyacá;15686;Santana;765;15686000
15;Boyacá;15690;Santa María;385;15690000
15;Boyacá;15693;Santa Rosa de Viterbo;13402;15693000
15;Boyacá;15696;Santa Sofía;2629;15696000
15;Boyacá;15720;Sativanorte;2252;15720000
15;Boyacá;15723;Sativasur;1066;15723000
15;Boyacá;15740;Siachoque;897;15740000
15;Boyacá;15753;Soatá;6881;15753000
15;Boyacá;15755;Socotá;7739;15755000
15;Boyacá;15757;Socha;7032;15757000
15;Boyacá;15759;Sogamoso;112287;15759000
15;Boyacá;15761;Somondoco;3482;15761000
15;Boyacá;15762;Sora;3028;15762000
15;Boyacá;15763;Sotaquirá;746;15763000
15;Boyacá;15764;Soracá;5226;15764000
15;Boyacá;15774;Susacón;2982;15774000
15;Boyacá;15776;Sutamarchán;5862;15776000
15;Boyacá;15778;Sutatenza;3988;15778000
15;Boyacá;15790;Tasco;6237;15790000
15;Boyacá;15798;Tenza;4002;15798000
15;Boyacá;15804;Tibaná;908;15804000
15;Boyacá;15806;Tibasosa;14333;15806000
15;Boyacá;15808;Tinjacá;3042;15808000
15;Boyacá;15810;Tipacoque;3093;15810000
15;Boyacá;15814;Toca;1005;15814000
15;Boyacá;15816;Togüí;4895;15816000
15;Boyacá;15820;Tópaga;3693;15820000
15;Boyacá;15822;Tota;5308;15822000
15;Boyacá;15832;Tununguá;1883;15832000
15;Boyacá;15835;Turmequé;5921;15835000
15;Boyacá;15837;Tuta;98;15837000
15;Boyacá;15839;Tutazá;182;15839000
15;Boyacá;15842;Umbita;1033;15842000
15;Boyacá;15861;Ventaquemada;15627;15861000
15;Boyacá;15879;Viracachá;3172;15879000
15;Boyacá;15897;Zetaquira;4441;15897000
17;Caldas;17001;Manizales;39883;17001000
17;Caldas;17013;Aguadas;21653;17013000
17;Caldas;17042;Anserma;33535;17042000
17;Caldas;17050;Aranzazu;11164;17050000
17;Caldas;17088;Belalcázar;10651;17088000
17;Caldas;17174;Chinchiná;51076;17174000
17;Caldas;17272;Filadelfia;10713;17272000
17;Caldas;17380;La Dorada;77735;17380000
17;Caldas;17388;La Merced;5281;17388000
17;Caldas;17433;Manzanares;22947;17433000
17;Caldas;17442;Marmato;9214;17442000
17;Caldas;17444;Marquetalia;15006;17444000
17;Caldas;17446;Marulanda;3393;17446000
17;Caldas;17486;Neira;30963;17486000
17;Caldas;17495;Norcasia;6272;17495000
17;Caldas;17513;Pácora;11399;17513000
17;Caldas;17524;Palestina;17674;17524000
17;Caldas;17541;Pensilvania;26347;17541000
17;Caldas;17614;Riosucio;63045;17614000
17;Caldas;17616;Risaralda;9362;17616000
17;Caldas;17653;Salamina;16005;17653000
17;Caldas;17662;Samaná;25789;17662000
17;Caldas;17665;San José;7588;17665000
17;Caldas;17777;Supía;27099;17777000
17;Caldas;17867;Victoria;8224;17867000
17;Caldas;17873;Villamaría;58481;17873000
17;Caldas;17877;Viterbo;12414;17877000
18;Caquetá;18001;Florencia;17845;18001000
18;Caquetá;18029;Albania;6435;18029000
18;Caquetá;18094;Belén de Los Andaquies;11663;18094000
18;Caquetá;18150;Cartagena del Chairá;34429;18150000
18;Caquetá;18205;Curillo;11789;18205000
18;Caquetá;18247;El Doncello;22227;18247000
18;Caquetá;18256;El Paujil;20832;18256000
18;Caquetá;18410;La Montañita;23962;18410000
18;Caquetá;18460;Milán;11802;18460000
18;Caquetá;18479;Morelia;3863;18479000
18;Caquetá;18592;Puerto Rico;33543;18592000
18;Caquetá;18610;San José del Fragua;15125;18610000
18;Caquetá;18753;San Vicente del Caguán;70453;18753000
18;Caquetá;18756;Solano;24603;18756000
18;Caquetá;18785;Solita;9149;18785000
18;Caquetá;18860;Valparaíso;11731;18860000
19;Cauca;19001;Popayán;282453;19001000
19;Cauca;19022;Almaguer;21322;19022000
19;Cauca;19050;Argelia;27221;19050000
19;Cauca;19075;Balboa;26005;19075000
19;Cauca;19100;Bolívar;44793;19100000
19;Cauca;19110;Buenos Aires;33435;19110000
19;Cauca;19130;Cajibío;38149;19130000
19;Cauca;19137;Caldono;33653;19137000
19;Cauca;19142;Caloto(1)(3);17713;19142000
19;Cauca;19212;Corinto;32707;19212000
19;Cauca;19256;El Tambo;47818;19256000
19;Cauca;19290;Florencia;616;19290000
19;Cauca;19300;Guachené (1) ;19896;19300000
19;Cauca;19318;Guapi;29867;19318000
19;Cauca;19355;Inzá;31701;19355000
19;Cauca;19364;Jambaló;18303;19364000
19;Cauca;19392;La Sierra;10609;19392000
19;Cauca;19397;La Vega;46561;19397000
19;Cauca;19418;López;20581;19418000
19;Cauca;19450;Mercaderes;18151;19450000
19;Cauca;19455;Miranda;41202;19455000
19;Cauca;19473;Morales;26358;19473000
19;Cauca;19513;Padilla;7794;19513000
19;Cauca;19517;Paez;35871;19517000
19;Cauca;19532;Patía;36895;19532000
19;Cauca;19533;Piamonte;7417;19533000
19;Cauca;19548;Piendamó;44535;19548000
19;Cauca;19573;Puerto Tejada;45976;19573000
19;Cauca;19585;Puracé;15274;19585000
19;Cauca;19622;Rosas;1347;19622000
19;Cauca;19693;San Sebastián;14186;19693000
19;Cauca;19698;Santander de Quilichao;96518;19698000
19;Cauca;19701;Santa Rosa;10688;19701000
19;Cauca;19743;Silvia;32462;19743000
19;Cauca;19760;Sotara;17273;19760000
19;Cauca;19780;Suárez;1855;19780000
19;Cauca;19785;Sucre;8885;19785000
19;Cauca;19807;Timbío;34757;19807000
19;Cauca;19809;Timbiquí;21862;19809000
19;Cauca;19821;Toribio;29818;19821000
19;Cauca;19824;Totoró;2072;19824000
19;Cauca;19845;Villa Rica;16596;19845000
20;Cesar;20001;Valledupar;473251;20001000
20;Cesar;20011;Aguachica;94864;20011000
25;Cundinamarca;25279;Fomeque;12231;25279000
20;Cesar;20013;Agustín Codazzi;50055;20013000
20;Cesar;20032;Astrea;19305;20032000
20;Cesar;20045;Becerril;13322;20045000
20;Cesar;20060;Bosconia;3849;20060000
20;Cesar;20175;Chimichagua;30493;20175000
20;Cesar;20178;Chiriguaná;19121;20178000
20;Cesar;20228;Curumaní;23699;20228000
20;Cesar;20238;El Copey;26701;20238000
20;Cesar;20250;El Paso;23187;20250000
20;Cesar;20295;Gamarra;17061;20295000
20;Cesar;20310;González;6593;20310000
20;Cesar;20383;La Gloria;12591;20383000
20;Cesar;20400;La Jagua de Ibirico;22341;20400000
20;Cesar;20443;Manaure;152;20443000
20;Cesar;20517;Pailitas;17369;20517000
20;Cesar;20550;Pelaya;18134;20550000
20;Cesar;20570;Pueblo Bello;23404;20570000
20;Cesar;20614;Río de Oro;13946;20614000
20;Cesar;20621;La Paz;22929;20621000
20;Cesar;20710;San Alberto;25603;20710000
20;Cesar;20750;San Diego;13266;20750000
20;Cesar;20770;San Martín;18748;20770000
20;Cesar;20787;Tamalameque;13802;20787000
23;Córdoba;23001;Montería;453931;23001000
23;Córdoba;23068;Ayapel;53152;23068000
23;Córdoba;23079;Buenavista;22191;23079000
23;Córdoba;23090;Canalete;22542;23090000
23;Córdoba;23162;Cereté;93039;23162000
23;Córdoba;23168;Chimá;15304;23168000
23;Córdoba;23182;Chinú;49362;23182000
23;Córdoba;23189;Ciénaga de Oro;66703;23189000
23;Córdoba;23300;Cotorra;15513;23300000
23;Córdoba;23350;La Apartada;15766;23350000
23;Córdoba;23417;Lorica;119838;23417000
23;Córdoba;23419;Los Córdobas;25208;23419000
23;Córdoba;23464;Momil;15074;23464000
23;Córdoba;23466;Montelíbano(1)(3);85012;23466000
23;Córdoba;23500;Moñitos;28294;23500000
23;Córdoba;23555;Planeta Rica;68309;23555000
23;Córdoba;23570;Pueblo Nuevo;40129;23570000
23;Córdoba;23574;Puerto Escondido;30923;23574000
23;Córdoba;23580;Puerto Libertador;50755;23580000
23;Córdoba;23586;Purísima;15142;23586000
23;Córdoba;23660;Sahagún;90274;23660000
23;Córdoba;23670;San Andrés Sotavento (1) (3);45006;23670000
23;Córdoba;23672;San Antero;32526;23672000
23;Córdoba;23675;San Bernardo del Viento;35518;23675000
23;Córdoba;23678;San Carlos;27858;23678000
23;Córdoba;23682;San José de Uré(1);11357;23682000
23;Córdoba;23686;San Pelayo;4453;23686000
23;Córdoba;23807;Tierralta;104817;23807000
23;Córdoba;23815;Tuchín (1);39511;23815000
23;Córdoba;23855;Valencia;44946;23855000
25;Cundinamarca;25001;Agua de Dios;10823;25001000
25;Cundinamarca;25019;Albán;5956;25019000
25;Cundinamarca;25035;Anapoima;13713;25035000
25;Cundinamarca;25040;Anolaima;1211;25040000
25;Cundinamarca;25053;Arbeláez;12374;25053000
25;Cundinamarca;25086;Beltrán;2256;25086000
25;Cundinamarca;25095;Bituima;25;25095000
25;Cundinamarca;25099;Bojacá;1214;25099000
25;Cundinamarca;25120;Cabrera;4456;25120000
25;Cundinamarca;25123;Cachipay;9788;25123000
25;Cundinamarca;25126;Cajicá;59198;25126000
25;Cundinamarca;25148;Caparrapí;1672;25148000
25;Cundinamarca;25151;Caqueza;17214;25151000
25;Cundinamarca;25154;Carmen de Carupa;9276;25154000
25;Cundinamarca;25168;Chaguaní;3968;25168000
25;Cundinamarca;25175;Chía;132691;25175000
25;Cundinamarca;25178;Chipaque;8401;25178000
25;Cundinamarca;25181;Choachí;10614;25181000
25;Cundinamarca;25183;Chocontá;26562;25183000
25;Cundinamarca;25200;Cogua;23214;25200000
25;Cundinamarca;25214;Cota;25945;25214000
25;Cundinamarca;25224;Cucunubá;7561;25224000
25;Cundinamarca;25245;El Colegio;2206;25245000
25;Cundinamarca;25258;El Peñón;4786;25258000
25;Cundinamarca;25260;El Rosal;18045;25260000
25;Cundinamarca;25269;Facatativá;13695;25269000
25;Cundinamarca;25281;Fosca;774;25281000
25;Cundinamarca;25286;Funza;78146;25286000
25;Cundinamarca;25288;Fúquene;5723;25288000
25;Cundinamarca;25290;Fusagasugá;139805;25290000
25;Cundinamarca;25293;Gachala;5687;25293000
25;Cundinamarca;25295;Gachancipá;15223;25295000
25;Cundinamarca;25297;Gachetá;11236;25297000
25;Cundinamarca;25299;Gama;4028;25299000
25;Cundinamarca;25307;Girardot;106283;25307000
25;Cundinamarca;25312;Granada;9059;25312000
25;Cundinamarca;25317;Guachetá;1136;25317000
25;Cundinamarca;25320;Guaduas;39748;25320000
25;Cundinamarca;25322;Guasca;15246;25322000
25;Cundinamarca;25324;Guataquí;2669;25324000
25;Cundinamarca;25326;Guatavita;6935;25326000
25;Cundinamarca;25328;Guayabal de Siquima;3651;25328000
25;Cundinamarca;25335;Guayabetal;4984;25335000
25;Cundinamarca;25339;Gutiérrez;4242;25339000
25;Cundinamarca;25368;Jerusalén;2672;25368000
25;Cundinamarca;25372;Junín;8672;25372000
25;Cundinamarca;25377;La Calera;28225;25377000
25;Cundinamarca;25386;La Mesa;323;25386000
25;Cundinamarca;25394;La Palma;10912;25394000
25;Cundinamarca;25398;La Peña;704;25398000
25;Cundinamarca;25402;La Vega;14413;25402000
25;Cundinamarca;25407;Lenguazaque;10352;25407000
25;Cundinamarca;25426;Macheta;6226;25426000
25;Cundinamarca;25430;Madrid;80622;25430000
25;Cundinamarca;25436;Manta;4754;25436000
25;Cundinamarca;25438;Medina;10162;25438000
25;Cundinamarca;25473;Mosquera;86954;25473000
25;Cundinamarca;25483;Nariño;2233;25483000
25;Cundinamarca;25486;Nemocón;13922;25486000
25;Cundinamarca;25488;Nilo;19328;25488000
25;Cundinamarca;25489;Nimaima;6947;25489000
25;Cundinamarca;25491;Nocaima;8111;25491000
25;Cundinamarca;25506;Venecia;4087;25506000
25;Cundinamarca;25513;Pacho;27584;25513000
25;Cundinamarca;25518;Paime;4339;25518000
25;Cundinamarca;25524;Pandi;5697;25524000
25;Cundinamarca;25530;Paratebueno;7782;25530000
25;Cundinamarca;25535;Pasca;12378;25535000
25;Cundinamarca;25572;Puerto Salgar;19337;25572000
25;Cundinamarca;25580;Pulí;3024;25580000
25;Cundinamarca;25592;Quebradanegra;4759;25592000
25;Cundinamarca;25594;Quetame;7241;25594000
25;Cundinamarca;25596;Quipile;815;25596000
25;Cundinamarca;25599;Apulo;7812;25599000
25;Cundinamarca;25612;Ricaurte;9711;25612000
25;Cundinamarca;25645;San Antonio del Tequendama;13209;25645000
25;Cundinamarca;25649;San Bernardo;10745;25649000
25;Cundinamarca;25653;San Cayetano;5351;25653000
25;Cundinamarca;25658;San Francisco;9872;25658000
25;Cundinamarca;25662;San Juan de Río Seco;9668;25662000
25;Cundinamarca;25718;Sasaima;10778;25718000
25;Cundinamarca;25736;Sesquilé;14912;25736000
25;Cundinamarca;25740;Sibaté;39817;25740000
25;Cundinamarca;25743;Silvania;22052;25743000
25;Cundinamarca;25745;Simijaca;13516;25745000
25;Cundinamarca;25754;Soacha;533718;25754000
25;Cundinamarca;25758;Sopó;27932;25758000
25;Cundinamarca;25769;Subachoque;1675;25769000
25;Cundinamarca;25772;Suesca;18011;25772000
25;Cundinamarca;25777;Supatá;5027;25777000
25;Cundinamarca;25779;Susa;12887;25779000
25;Cundinamarca;25781;Sutatausa;5725;25781000
25;Cundinamarca;25785;Tabio;28373;25785000
25;Cundinamarca;25793;Tausa;9006;25793000
25;Cundinamarca;25797;Tena;9223;25797000
25;Cundinamarca;25799;Tenjo;2007;25799000
25;Cundinamarca;25805;Tibacuy;4822;25805000
25;Cundinamarca;25807;Tibirita;2943;25807000
25;Cundinamarca;25815;Tocaima;18601;25815000
25;Cundinamarca;25817;Tocancipá;33677;25817000
25;Cundinamarca;25823;Topaipí;4504;25823000
25;Cundinamarca;25839;Ubalá;10467;25839000
25;Cundinamarca;25841;Ubaque;6036;25841000
25;Cundinamarca;25843;Villa de San Diego de Ubate;39205;25843000
25;Cundinamarca;25845;Une;9435;25845000
25;Cundinamarca;25851;Útica;5023;25851000
25;Cundinamarca;25862;Vergara;7704;25862000
25;Cundinamarca;25867;Vianí;4214;25867000
25;Cundinamarca;25871;Villagómez;2166;25871000
25;Cundinamarca;25873;Villapinzón;20391;25873000
25;Cundinamarca;25875;Villeta;25381;25875000
25;Cundinamarca;25878;Viotá;13339;25878000
25;Cundinamarca;25885;Yacopí;17067;25885000
25;Cundinamarca;25898;Zipacón;5695;25898000
25;Cundinamarca;25899;Zipaquirá;126409;25899000
27;Chocó;27001;Quibdó;116058;27001000
27;Chocó;27006;Acandí;9408;27006000
27;Chocó;27025;Alto Baudo;3867;27025000
27;Chocó;27050;Atrato;10471;27050000
27;Chocó;27073;Bagadó;7984;27073000
27;Chocó;27075;Bahía Solano;9375;27075000
27;Chocó;27077;Bajo Baudó;17617;27077000
27;Chocó;27099;Bojaya;10116;27099000
27;Chocó;27135;El Cantón del San Pablo;8375;27135000
27;Chocó;27150;Carmen del Darien;5524;27150000
27;Chocó;27160;Cértegui;10153;27160000
27;Chocó;27205;Condoto;14991;27205000
27;Chocó;27245;El Carmen de Atrato;14524;27245000
27;Chocó;27250;El Litoral del San Juan;15994;27250000
27;Chocó;27361;Istmina;25686;27361000
27;Chocó;27372;Juradó;3267;27372000
27;Chocó;27413;Lloró;11372;27413000
27;Chocó;27425;Medio Atrato;31465;27425000
27;Chocó;27430;Medio Baudó;13951;27430000
27;Chocó;27450;Medio San Juan;17071;27450000
27;Chocó;27491;Nóvita;7963;27491000
27;Chocó;27495;Nuquí;8775;27495000
27;Chocó;27580;Río Iro;10042;27580000
27;Chocó;27600;Río Quito;918;27600000
27;Chocó;27615;Riosucio(2);28923;27615000
27;Chocó;27660;San José del Palmar;4768;27660000
27;Chocó;27745;Sipí;4154;27745000
27;Chocó;27787;Tadó;19043;27787000
27;Chocó;27800;Unguía;15223;27800000
27;Chocó;27810;Unión Panamericana;9904;27810000
41;Huila;41001;Neiva;345806;41001000
41;Huila;41006;Acevedo;34354;41006000
41;Huila;41013;Agrado;9168;41013000
41;Huila;41016;Aipe;27669;41016000
41;Huila;41020;Algeciras;24611;41020000
41;Huila;41026;Altamira;4455;41026000
41;Huila;41078;Baraya;9682;41078000
41;Huila;41132;Campoalegre;34627;41132000
41;Huila;41206;Colombia;12655;41206000
41;Huila;41244;Elías;4064;41244000
41;Huila;41298;Garzón;92186;41298000
41;Huila;41306;Gigante;3441;41306000
41;Huila;41319;Guadalupe;2206;41319000
41;Huila;41349;Hobo;6986;41349000
41;Huila;41357;Iquira;13178;41357000
41;Huila;41359;Isnos;2783;41359000
41;Huila;41378;La Argentina;14532;41378000
41;Huila;41396;La Plata;64938;41396000
41;Huila;41483;Nátaga;6443;41483000
41;Huila;41503;Oporapa;14141;41503000
41;Huila;41518;Paicol;5648;41518000
41;Huila;41524;Palermo;33825;41524000
41;Huila;41530;Palestina;1182;41530000
41;Huila;41548;Pital;13861;41548000
41;Huila;41551;Pitalito;130716;41551000
41;Huila;41615;Rivera;19186;41615000
41;Huila;41660;Saladoblanco;11699;41660000
41;Huila;41668;San Agustín;33517;41668000
41;Huila;41676;Santa María;11556;41676000
41;Huila;41770;Suaza;20019;41770000
41;Huila;41791;Tarqui;17931;41791000
41;Huila;41797;Tesalia;9305;41797000
41;Huila;41799;Tello;14358;41799000
41;Huila;41801;Teruel;8838;41801000
41;Huila;41807;Timaná;20386;41807000
41;Huila;41872;Villavieja;7308;41872000
41;Huila;41885;Yaguará;9176;41885000
44;La Guajira;44001;Riohacha;277868;44001000
44;La Guajira;44035;Albania;27589;44035000
44;La Guajira;44078;Barrancas;36134;44078000
44;La Guajira;44090;Dibulla;35404;44090000
44;La Guajira;44098;Distracción;16484;44098000
44;La Guajira;44110;El Molino;894;44110000
44;La Guajira;44279;Fonseca;34286;44279000
44;La Guajira;44378;Hatonuevo;26782;44378000
44;La Guajira;44420;La Jagua del Pilar;3289;44420000
44;La Guajira;44430;Maicao;162118;44430000
44;La Guajira;44560;Manaure;112103;44560000
44;La Guajira;44650;San Juan del Cesar;38351;44650000
44;La Guajira;44847;Uribia;186532;44847000
44;La Guajira;44855;Urumita;18792;44855000
44;La Guajira;44874;Villanueva;28254;44874000
47;Magdalena;47001;Santa Marta;499391;47001000
47;Magdalena;47030;Algarrobo;12741;47030000
47;Magdalena;47053;Aracataca;40386;47053000
47;Magdalena;47058;Ariguaní;32409;47058000
47;Magdalena;47161;Cerro San Antonio;7768;47161000
47;Magdalena;47170;Chivolo;15848;47170000
47;Magdalena;47189;Ciénaga;104908;47189000
47;Magdalena;47205;Concordia;9296;47205000
47;Magdalena;47245;El Banco;55801;47245000
47;Magdalena;47258;El Piñon;16729;47258000
47;Magdalena;47268;El Retén;21494;47268000
47;Magdalena;47288;Fundación;57456;47288000
47;Magdalena;47318;Guamal;27761;47318000
47;Magdalena;47460;Nueva Granada;20661;47460000
47;Magdalena;47541;Pedraza;8092;47541000
47;Magdalena;47545;Pijiño del Carmen;16186;47545000
47;Magdalena;47551;Pivijay;33572;47551000
47;Magdalena;47555;Plato;59814;47555000
47;Magdalena;47570;Puebloviejo;31697;47570000
47;Magdalena;47605;Remolino;8047;47605000
47;Magdalena;47660;Sabanas de San Angel;17321;47660000
47;Magdalena;47675;Salamina;6875;47675000
47;Magdalena;47692;San Sebastián de Buenavista;17539;47692000
47;Magdalena;47703;San Zenón;9154;47703000
47;Magdalena;47707;Santa Ana;26584;47707000
47;Magdalena;47720;Santa Bárbara de Pinto;12935;47720000
47;Magdalena;47745;Sitionuevo;32454;47745000
47;Magdalena;47798;Tenerife;12224;47798000
47;Magdalena;47960;Zapayán;8869;47960000
47;Magdalena;47980;Zona Bananera;61372;47980000
50;Meta;50001;Villavicencio;506012;50001000
50;Meta;50006;Acacías;72048;50006000
50;Meta;50110;Barranca de Upía;4097;50110000
50;Meta;50124;Cabuyaro;4078;50124000
50;Meta;50150;Castilla la Nueva;10194;50150000
50;Meta;50223;Cubarral;6107;50223000
50;Meta;50226;Cumaral;1827;50226000
50;Meta;50245;El Calvario;2235;50245000
50;Meta;50251;El Castillo;6244;50251000
50;Meta;50270;El Dorado;3445;50270000
50;Meta;50287;Fuente de Oro;13698;50287000
50;Meta;50313;Granada;64695;50313000
50;Meta;50318;Guamal;9449;50318000
50;Meta;50325;Mapiripán;18091;50325000
50;Meta;50330;Mesetas;11405;50330000
50;Meta;50350;La Macarena;34787;50350000
50;Meta;50370;Uribe;16934;50370000
50;Meta;50400;Lejanías;9342;50400000
50;Meta;50450;Puerto Concordia;22;50450000
50;Meta;50568;Puerto Gaitán;18792;50568000
50;Meta;50573;Puerto López;34283;50573000
50;Meta;50577;Puerto Lleras;9593;50577000
50;Meta;50590;Puerto Rico;18793;50590000
50;Meta;50606;Restrepo;10655;50606000
50;Meta;50680;San Carlos de Guaroa;10299;50680000
50;Meta;50683;San Juan de Arama;8764;50683000
50;Meta;50686;San Juanito;2207;50686000
50;Meta;50689;San Martín;25298;50689000
50;Meta;50711;Vistahermosa;26347;50711000
52;Nariño;52001;Pasto;450645;52001000
52;Nariño;52019;Albán;22711;52019000
52;Nariño;52022;Aldana;5929;52022000
52;Nariño;52036;Ancuyá;6745;52036000
52;Nariño;52051;Arboleda;7566;52051000
52;Nariño;52079;Barbacoas;39564;52079000
52;Nariño;52083;Belén;7715;52083000
52;Nariño;52110;Buesaco;25653;52110000
52;Nariño;52203;Colón;10206;52203000
52;Nariño;52207;Consaca;9201;52207000
52;Nariño;52210;Contadero;7003;52210000
52;Nariño;52215;Córdoba;14066;52215000
52;Nariño;52224;Cuaspud;8689;52224000
52;Nariño;52227;Cumbal;39066;52227000
52;Nariño;52233;Cumbitara;16129;52233000
52;Nariño;52240;Chachagüí;13967;52240000
52;Nariño;52250;El Charco;396;52250000
52;Nariño;52254;El Peñol;643;52254000
52;Nariño;52256;El Rosario;9938;52256000
52;Nariño;52258;El Tablón de Gómez;12515;52258000
52;Nariño;52260;El Tambo;11901;52260000
52;Nariño;52287;Funes;6402;52287000
52;Nariño;52317;Guachucal;1541;52317000
52;Nariño;52320;Guaitarilla;11681;52320000
52;Nariño;52323;Gualmatán;5778;52323000
52;Nariño;52352;Iles;8871;52352000
52;Nariño;52354;Imués;6004;52354000
52;Nariño;52356;Ipiales;145073;52356000
52;Nariño;52378;La Cruz;18273;52378000
52;Nariño;52381;La Florida;9368;52381000
52;Nariño;52385;La Llanada;5648;52385000
52;Nariño;52390;La Tola;13669;52390000
52;Nariño;52399;La Unión;25689;52399000
52;Nariño;52405;Leiva;14266;52405000
52;Nariño;52411;Linares;9699;52411000
52;Nariño;52418;Los Andes;20128;52418000
52;Nariño;52427;Magüi;23869;52427000
52;Nariño;52435;Mallama;7471;52435000
52;Nariño;52473;Mosquera;17275;52473000
52;Nariño;52480;Nariño;5002;52480000
52;Nariño;52490;Olaya Herrera;31986;52490000
52;Nariño;52506;Ospina;8797;52506000
52;Nariño;52520;Francisco Pizarro;15975;52520000
52;Nariño;52540;Policarpa;17469;52540000
52;Nariño;52560;Potosí;11932;52560000
52;Nariño;52565;Providencia;13566;52565000
52;Nariño;52573;Puerres;8259;52573000
52;Nariño;52585;Pupiales;19548;52585000
52;Nariño;52612;Ricaurte;19495;52612000
52;Nariño;52621;Roberto Payán;23984;52621000
52;Nariño;52678;Samaniego;49362;52678000
52;Nariño;52683;Sandoná;2573;52683000
52;Nariño;52685;San Bernardo;20326;52685000
52;Nariño;52687;San Lorenzo;20147;52687000
52;Nariño;52693;San Pablo;17312;52693000
52;Nariño;52694;San Pedro de Cartago;7613;52694000
52;Nariño;52696;Santa Bárbara;1463;52696000
52;Nariño;52699;Santacruz;29963;52699000
52;Nariño;52720;Sapuyes;6124;52720000
52;Nariño;52786;Taminango;21265;52786000
52;Nariño;52788;Tangua;9383;52788000
52;Nariño;52835;San Andres de Tumaco;208318;52835000
52;Nariño;52838;Túquerres;40388;52838000
52;Nariño;52885;Yacuanquer;11158;52885000
54;Norte de Santander;54001;Cúcuta;662673;54001000
54;Norte de Santander;54003;Abrego;38733;54003000
54;Norte de Santander;54051;Arboledas;8958;54051000
54;Norte de Santander;54099;Bochalema;706;54099000
54;Norte de Santander;54109;Bucarasica;4566;54109000
54;Norte de Santander;54125;Cácota;1819;54125000
54;Norte de Santander;54128;Cachirá;1105;54128000
54;Norte de Santander;54172;Chinácota;16686;54172000
54;Norte de Santander;54174;Chitagá;10409;54174000
54;Norte de Santander;54206;Convención;1303;54206000
54;Norte de Santander;54223;Cucutilla;7559;54223000
54;Norte de Santander;54239;Durania;3706;54239000
54;Norte de Santander;54245;El Carmen;13575;54245000
54;Norte de Santander;54250;El Tarra;11002;54250000
54;Norte de Santander;54261;El Zulia;23388;54261000
54;Norte de Santander;54313;Gramalote;5442;54313000
54;Norte de Santander;54344;Hacarí;1079;54344000
54;Norte de Santander;54347;Herrán;396;54347000
54;Norte de Santander;54377;Labateca;5886;54377000
54;Norte de Santander;54385;La Esperanza;1224;54385000
54;Norte de Santander;54398;La Playa;8559;54398000
54;Norte de Santander;54405;Los Patios;78409;54405000
54;Norte de Santander;54418;Lourdes;336;54418000
54;Norte de Santander;54480;Mutiscua;3727;54480000
54;Norte de Santander;54498;Ocaña;99741;54498000
54;Norte de Santander;54518;Pamplona;582;54518000
54;Norte de Santander;54520;Pamplonita;4958;54520000
54;Norte de Santander;54553;Puerto Santander;1059;54553000
54;Norte de Santander;54599;Ragonvalia;6902;54599000
54;Norte de Santander;54660;Salazar;89;54660000
54;Norte de Santander;54670;San Calixto;13753;54670000
54;Norte de Santander;54673;San Cayetano;5649;54673000
54;Norte de Santander;54680;Santiago;2853;54680000
54;Norte de Santander;54720;Sardinata;22608;54720000
54;Norte de Santander;54743;Silos;4285;54743000
54;Norte de Santander;54800;Teorama;22438;54800000
54;Norte de Santander;54810;Tibú;36907;54810000
54;Norte de Santander;54820;Toledo;17285;54820000
54;Norte de Santander;54871;Villa Caro;5216;54871000
54;Norte de Santander;54874;Villa del Rosario;92661;54874000
63;Quindio;63001;Armenia;299712;63001000
63;Quindio;63111;Buenavista;2779;63111000
63;Quindio;63130;Calarca;78385;63130000
63;Quindio;63190;Circasia;30394;63190000
63;Quindio;63212;Córdoba;5286;63212000
63;Quindio;63272;Filandia;1352;63272000
63;Quindio;63302;Génova;7631;63302000
63;Quindio;63401;La Tebaida;44187;63401000
63;Quindio;63470;Montenegro;41578;63470000
63;Quindio;63548;Pijao;604;63548000
63;Quindio;63594;Quimbaya;35118;63594000
63;Quindio;63690;Salento;7103;63690000
66;Risaralda;66001;Pereira;474335;66001000
66;Risaralda;66045;Apía;19271;66045000
66;Risaralda;66075;Balboa;6328;66075000
66;Risaralda;66088;Belén de Umbría;27727;66088000
66;Risaralda;66170;Dosquebradas;202795;66170000
66;Risaralda;66318;Guática;15217;66318000
66;Risaralda;66383;La Celia;8568;66383000
66;Risaralda;66400;La Virginia;32192;66400000
66;Risaralda;66440;Marsella;23707;66440000
66;Risaralda;66456;Mistrató;16454;66456000
66;Risaralda;66572;Pueblo Rico;1363;66572000
66;Risaralda;66594;Quinchía;33885;66594000
66;Risaralda;66682;Santa Rosa de Cabal;72634;66682000
66;Risaralda;66687;Santuario;15786;66687000
68;Santander;68001;Bucaramanga;528497;68001000
68;Santander;68013;Aguada;18;68013000
68;Santander;68020;Albania;523;68020000
68;Santander;68051;Aratoca;8291;68051000
68;Santander;68077;Barbosa;29106;68077000
68;Santander;68079;Barichara;7112;68079000
68;Santander;68081;Barrancabermeja;191616;68081000
68;Santander;68092;Betulia;5061;68092000
68;Santander;68101;Bolívar;1206;68101000
68;Santander;68121;Cabrera;2356;68121000
68;Santander;68132;California;202;68132000
68;Santander;68147;Capitanejo;5481;68147000
68;Santander;68152;Carcasí;4989;68152000
68;Santander;68160;Cepitá;1832;68160000
68;Santander;68162;Cerrito;5596;68162000
68;Santander;68167;Charalá;10373;68167000
68;Santander;68169;Charta;2592;68169000
68;Santander;68176;Chima;3042;68176000
68;Santander;68179;Chipatá;5071;68179000
68;Santander;68190;Cimitarra;47096;68190000
68;Santander;68207;Concepción;5177;68207000
68;Santander;68209;Confines;2698;68209000
68;Santander;68211;Contratación;3409;68211000
68;Santander;68217;Coromoro;7612;68217000
68;Santander;68229;Curití;1198;68229000
68;Santander;68235;El Carmen de Chucurí;20476;68235000
68;Santander;68245;El Guacamayo;1943;68245000
68;Santander;68250;El Peñón;5076;68250000
68;Santander;68255;El Playón;1152;68255000
68;Santander;68264;Encino;2459;68264000
68;Santander;68266;Enciso;3202;68266000
68;Santander;68271;Florián;6284;68271000
68;Santander;68276;Floridablanca;266617;68276000
68;Santander;68296;Galán;2196;68296000
68;Santander;68298;Gambita;5038;68298000
68;Santander;68307;Girón;19035;68307000
68;Santander;68318;Guaca;6296;68318000
68;Santander;68320;Guadalupe;4604;68320000
68;Santander;68322;Guapotá;2112;68322000
68;Santander;68324;Guavatá;3549;68324000
68;Santander;68327;Güepsa;3772;68327000
68;Santander;68344;Hato;2331;68344000
68;Santander;68368;Jesús María;308;68368000
68;Santander;68370;Jordán;1092;68370000
68;Santander;68377;La Belleza;8594;68377000
68;Santander;68385;Landázuri;15418;68385000
68;Santander;68397;La Paz;5075;68397000
68;Santander;68406;Lebríja;40252;68406000
68;Santander;68418;Los Santos;12423;68418000
68;Santander;68425;Macaravita;2299;68425000
68;Santander;68432;Málaga;18308;68432000
68;Santander;68444;Matanza;5201;68444000
68;Santander;68464;Mogotes;10878;68464000
68;Santander;68468;Molagavita;5087;68468000
68;Santander;68498;Ocamonte;4723;68498000
68;Santander;68500;Oiba;11896;68500000
68;Santander;68502;Onzaga;4946;68502000
68;Santander;68522;Palmar;3423;68522000
68;Santander;68524;Palmas del Socorro;222;68524000
68;Santander;68533;Páramo;4201;68533000
68;Santander;68547;Piedecuesta;156207;68547000
68;Santander;68549;Pinchote;5373;68549000
68;Santander;68572;Puente Nacional;12086;68572000
68;Santander;68573;Puerto Parra;7768;68573000
68;Santander;68575;Puerto Wilches;31501;68575000
68;Santander;68615;Rionegro;2668;68615000
68;Santander;68655;Sabana de Torres;18325;68655000
68;Santander;68669;San Andrés;8315;68669000
68;Santander;68673;San Benito;4007;68673000
68;Santander;68679;San Gil;45752;68679000
68;Santander;68682;San Joaquín;2407;68682000
68;Santander;68684;San José de Miranda;4256;68684000
68;Santander;68686;San Miguel;231;68686000
68;Santander;68689;San Vicente de Chucurí;34881;68689000
68;Santander;68705;Santa Bárbara;21;68705000
68;Santander;68720;Santa Helena del Opón;4275;68720000
68;Santander;68745;Simacota;7593;68745000
68;Santander;68755;Socorro;30847;68755000
68;Santander;68770;Suaita;10142;68770000
68;Santander;68773;Sucre;8246;68773000
68;Santander;68780;Suratá;3225;68780000
68;Santander;68820;Tona;7168;68820000
68;Santander;68855;Valle de San José;4551;68855000
68;Santander;68861;Vélez;18932;68861000
68;Santander;68867;Vetas;2454;68867000
68;Santander;68872;Villanueva;5652;68872000
68;Santander;68895;Zapatoca;8847;68895000
70;Sucre;70001;Sincelejo;282868;70001000
70;Sucre;70110;Buenavista;968;70110000
70;Sucre;70124;Caimito;12303;70124000
70;Sucre;70204;Coloso;5768;70204000
70;Sucre;70215;Corozal;63246;70215000
70;Sucre;70221;Coveñas;14032;70221000
70;Sucre;70230;Chalán;4381;70230000
70;Sucre;70233;El Roble;10805;70233000
70;Sucre;70235;Galeras;20854;70235000
70;Sucre;70265;Guaranda;17883;70265000
70;Sucre;70400;La Unión;11362;70400000
70;Sucre;70418;Los Palmitos;19234;70418000
70;Sucre;70429;Majagual;33625;70429000
70;Sucre;70473;Morroa;14764;70473000
70;Sucre;70508;Ovejas;20967;70508000
70;Sucre;70523;Palmito;14224;70523000
70;Sucre;70670;Sampués;38204;70670000
70;Sucre;70678;San Benito Abad;26005;70678000
70;Sucre;70702;San Juan de Betulia;12571;70702000
70;Sucre;70708;San Marcos;58502;70708000
70;Sucre;70713;San Onofre;51084;70713000
70;Sucre;70717;San Pedro;15961;70717000
70;Sucre;70742;San Luis de Sincé;34342;70742000
70;Sucre;70771;Sucre;22424;70771000
70;Sucre;70820;Santiago de Tolú;34456;70820000
70;Sucre;70823;Tolú Viejo;18893;70823000
73;Tolima;73001;Ibagué;564076;73001000
73;Tolima;73024;Alpujarra;4963;73024000
73;Tolima;73026;Alvarado;8796;73026000
73;Tolima;73030;Ambalema;6683;73030000
73;Tolima;73043;Anzoátegui;18849;73043000
73;Tolima;73055;Armero;11724;73055000
73;Tolima;73067;Ataco;22669;73067000
73;Tolima;73124;Cajamarca;19626;73124000
73;Tolima;73148;Carmen de Apicalá;888;73148000
73;Tolima;73152;Casabianca;6639;73152000
73;Tolima;73168;Chaparral;47293;73168000
73;Tolima;73200;Coello;9887;73200000
73;Tolima;73217;Coyaima;28379;73217000
73;Tolima;73226;Cunday;9544;73226000
73;Tolima;73236;Dolores;7923;73236000
73;Tolima;73268;Espinal;76056;73268000
73;Tolima;73270;Falan;9204;73270000
73;Tolima;73275;Flandes;29296;73275000
73;Tolima;73283;Fresno;30047;73283000
73;Tolima;73319;Guamo;31866;73319000
73;Tolima;73347;Herveo;7893;73347000
73;Tolima;73349;Honda;24311;73349000
73;Tolima;73352;Icononzo;10801;73352000
73;Tolima;73408;Lérida;17197;73408000
73;Tolima;73411;Líbano;40065;73411000
73;Tolima;73443;Mariquita;3334;73443000
73;Tolima;73449;Melgar;36641;73449000
73;Tolima;73461;Murillo;501;73461000
73;Tolima;73483;Natagaima;22455;73483000
73;Tolima;73504;Ortega;32337;73504000
73;Tolima;73520;Palocabildo;912;73520000
73;Tolima;73547;Piedras;5662;73547000
73;Tolima;73555;Planadas;30023;73555000
73;Tolima;73563;Prado;7607;73563000
73;Tolima;73585;Purificación;29539;73585000
73;Tolima;73616;Rioblanco;24345;73616000
73;Tolima;73622;Roncesvalles;634;73622000
73;Tolima;73624;Rovira;20452;73624000
73;Tolima;73671;Saldaña;14329;73671000
73;Tolima;73675;San Antonio;14219;73675000
73;Tolima;73678;San Luis;19141;73678000
73;Tolima;73686;Santa Isabel;634;73686000
73;Tolima;73770;Suárez;4553;73770000
73;Tolima;73854;Valle de San Juan;6387;73854000
73;Tolima;73861;Venadillo;19714;73861000
73;Tolima;73870;Villahermosa;10591;73870000
73;Tolima;73873;Villarrica;5312;73873000
76;Valle del Cauca;76001;Cali;2420114;76001000
76;Valle del Cauca;76020;Alcalá;22245;76020000
76;Valle del Cauca;76036;Andalucía;1776;76036000
76;Valle del Cauca;76041;Ansermanuevo;19355;76041000
76;Valle del Cauca;76054;Argelia;6392;76054000
76;Valle del Cauca;76100;Bolívar;13131;76100000
76;Valle del Cauca;76109;Buenaventura;41577;76109000
76;Valle del Cauca;76111;Guadalajara de Buga;114798;76111000
76;Valle del Cauca;76113;Bugalagrande;21075;76113000
76;Valle del Cauca;76122;Caicedonia;29629;76122000
76;Valle del Cauca;76126;Calima;15824;76126000
76;Valle del Cauca;76130;Candelaria;84129;76130000
76;Valle del Cauca;76147;Cartago;13364;76147000
76;Valle del Cauca;76233;Dagua;36652;76233000
76;Valle del Cauca;76243;El Águila;11164;76243000
76;Valle del Cauca;76246;El Cairo;10116;76246000
76;Valle del Cauca;76248;El Cerrito;58028;76248000
76;Valle del Cauca;76250;El Dovio;8326;76250000
76;Valle del Cauca;76275;Florida;58555;76275000
76;Valle del Cauca;76306;Ginebra;21433;76306000
76;Valle del Cauca;76318;Guacarí;35087;76318000
76;Valle del Cauca;76364;Jamundí;124623;76364000
76;Valle del Cauca;76377;La Cumbre;11614;76377000
76;Valle del Cauca;76400;La Unión;39011;76400000
76;Valle del Cauca;76403;La Victoria;13076;76403000
76;Valle del Cauca;76497;Obando;15146;76497000
76;Valle del Cauca;76520;Palmira;308669;76520000
76;Valle del Cauca;76563;Pradera;56545;76563000
76;Valle del Cauca;76606;Restrepo;16323;76606000
76;Valle del Cauca;76616;Riofrío;14258;76616000
76;Valle del Cauca;76622;Roldanillo;32412;76622000
76;Valle del Cauca;76670;San Pedro;18637;76670000
76;Valle del Cauca;76736;Sevilla;4459;76736000
76;Valle del Cauca;76823;Toro;16533;76823000
76;Valle del Cauca;76828;Trujillo;17983;76828000
76;Valle del Cauca;76834;Tuluá;216619;76834000
76;Valle del Cauca;76845;Ulloa;5387;76845000
76;Valle del Cauca;76863;Versalles;7017;76863000
76;Valle del Cauca;76869;Vijes;11276;76869000
76;Valle del Cauca;76890;Yotoco;16418;76890000
76;Valle del Cauca;76892;Yumbo;122762;76892000
76;Valle del Cauca;76895;Zarzal;4614;76895000
81;Arauca;81001;Arauca;90924;81001000
81;Arauca;81065;Arauquita;42171;81065000
81;Arauca;81220;Cravo Norte;3263;81220000
81;Arauca;81300;Fortul;26107;81300000
81;Arauca;81591;Puerto Rondón;3831;81591000
81;Arauca;81736;Saravena;47957;81736000
81;Arauca;81794;Tame;53739;81794000
85;Casanare;85001;Yopal;146202;85001000
85;Casanare;85010;Aguazul;40819;85010000
85;Casanare;85015;Chameza;2558;85015000
85;Casanare;85125;Hato Corozal;12578;85125000
85;Casanare;85136;La Salina;1449;85136000
85;Casanare;85139;Maní;11123;85139000
85;Casanare;85162;Monterrey;15213;85162000
85;Casanare;85225;Nunchía;8906;85225000
85;Casanare;85230;Orocué;8389;85230000
85;Casanare;85250;Paz de Ariporo;26458;85250000
85;Casanare;85263;Pore;7914;85263000
85;Casanare;85279;Recetor;4375;85279000
85;Casanare;85300;Sabanalarga;2893;85300000
85;Casanare;85315;Sácama;2062;85315000
85;Casanare;85325;San Luis de Palenque;7856;85325000
85;Casanare;85400;Támara;7034;85400000
85;Casanare;85410;Tauramena;23387;85410000
85;Casanare;85430;Trinidad;15472;85430000
85;Casanare;85440;Villanueva;24301;85440000
86;Putumayo;86001;Mocoa;43731;86001000
86;Putumayo;86219;Colón;5604;86219000
86;Putumayo;86320;Orito;55018;86320000
86;Putumayo;86568;Puerto Asís;61483;86568000
86;Putumayo;86569;Puerto Caicedo;14675;86569000
86;Putumayo;86571;Puerto Guzmán;23994;86571000
86;Putumayo;86573;Leguízamo;15396;86573000
86;Putumayo;86749;Sibundoy;1431;86749000
86;Putumayo;86755;San Francisco;7151;86755000
86;Putumayo;86757;San Miguel;27707;86757000
86;Putumayo;86760;Santiago;10661;86760000
86;Putumayo;86865;Valle del Guamuez;53057;86865000
86;Putumayo;86885;Villagarzón;21307;86885000
88;Archipiélago de San Andrés;88001;San Andrés;72585;88001000
88;Archipiélago de San Andrés;88564;Providencia;5174;88564000
91;Amazonas;91001;Leticia;41957;91001000
91;Amazonas;91263;El Encanto (ANM);4928;91263000
91;Amazonas;91405;La Chorrera (ANM);3988;91405000
91;Amazonas;91407;La Pedrera (ANM);5269;91407000
91;Amazonas;91430;La Victoria (ANM);1127;91430000
91;Amazonas;91460;Miriti - Paraná (ANM);1519;91460000
91;Amazonas;91530;Puerto Alegría (ANM);2107;91530000
91;Amazonas;91536;Puerto Arica (ANM);133;91536000
91;Amazonas;91540;Puerto Nariño;8398;91540000
91;Amazonas;91669;Puerto Santander (ANM);3051;91669000
91;Amazonas;91798;Tarapacá (ANM);4274;91798000
94;Guainía;94001;Inírida;20147;94001000
94;Guainía;94343;Barranco Minas (ANM);4944;94343000
94;Guainía;94663;Mapiripana (ANM);2788;94663000
94;Guainía;94883;San Felipe (ANM);2217;94883000
94;Guainía;94884;Puerto Colombia (ANM);4932;94884000
94;Guainía;94885;La Guadalupe (ANM);392;94885000
94;Guainía;94886;Cacahual (ANM);2694;94886000
94;Guainía;94887;Pana Pana (ANM);3358;94887000
94;Guainía;94888;Morichal (ANM);1305;94888000
95;Guaviare;95001;San José del Guaviare;66679;95001000
95;Guaviare;95015;Calamar;8665;95015000
95;Guaviare;95025;El Retorno;23756;95025000
95;Guaviare;95200;Miraflores;15107;95200000
97;Vaupés;97001;Mitú;32156;97001000
97;Vaupés;97161;Caruru;3336;97161000
97;Vaupés;97511;Pacoa (ANM);598;97511000
97;Vaupés;97666;Taraira;960;97666000
97;Vaupés;97777;Papunaua (ANM);837;97777000
97;Vaupés;97889;Yavaraté (ANM);1231;97889000
99;Vichada;99001;Puerto Carreño;16249;99001000
99;Vichada;99524;La Primavera;16447;99524000
99;Vichada;99624;Santa Rosalía;4138;99624000
99;Vichada;99773;Cumaribo;38634;99773000
